-- ----------------------------
-- Records of base_system
-- ----------------------------
INSERT INTO `base_system` VALUES ('1', '1', 'Auth', '权限', '', '',NULL, '', '2025-04-01 00:00:00', '', '2025-04-01 00:00:00', '2025-04-01 00:00:00', 1);
INSERT INTO `base_system` VALUES ('2', '1', 'Basic', '排班', '', '',NULL, '', '2025-04-01 00:00:00', '', '2025-04-01 00:00:00', '2025-04-01 00:00:00', 1);

-- ----------------------------
-- Records of base_resource
-- ----------------------------
INSERT INTO `base_resource` VALUES ('1', NULL, '1', '1', 'BaseCompany', '公司', NULL, NULL, NULL, NULL, '2025-04-01 00:00:00', NULL, '2025-04-01 00:00:00', '2025-04-01 00:00:00', 1);
INSERT INTO `base_resource` VALUES ('2', NULL, '1', '1', 'BaseDepartment', '部门', NULL, NULL, NULL, NULL, '2025-04-01 00:00:00', NULL, '2025-04-01 00:00:00', '2025-04-01 00:00:00', 1);
INSERT INTO `base_resource` VALUES ('3', NULL, '1', '1', 'BasePosition', '职位', NULL, NULL, NULL, NULL, '2025-04-01 00:00:00', NULL, '2025-04-01 00:00:00', '2025-04-01 00:00:00', 1);
INSERT INTO `base_resource` VALUES ('4', NULL, '1', '1', 'BaseRole', '角色', NULL, NULL, NULL, NULL, '2025-04-01 00:00:00', NULL, '2025-04-01 00:00:00', '2025-04-01 00:00:00', 1);
INSERT INTO `base_resource` VALUES ('5', NULL, '1', '1', 'BaseRolePermission', '角色权限', NULL, NULL, NULL, NULL, '2025-04-01 00:00:00', NULL, '2025-04-01 00:00:00', '2025-04-01 00:00:00', 1);
INSERT INTO `base_resource` VALUES ('6', NULL, '1', '1', 'BaseUser', '用户', NULL, NULL, NULL, NULL, '2025-04-01 00:00:00', NULL, '2025-04-01 00:00:00', '2025-04-01 00:00:00', 1);
INSERT INTO `base_resource` VALUES ('7', NULL, '1', '1', 'BaseUserRole', '用户角色', NULL, NULL, NULL, NULL, '2025-04-01 00:00:00', NULL, '2025-04-01 00:00:00', '2025-04-01 00:00:00', 1);
INSERT INTO `base_resource` VALUES ('8', NULL, '1', '1', 'BaseSystem', '系统', NULL, NULL, NULL, NULL, '2025-04-01 00:00:00', NULL, '2025-04-01 00:00:00', '2025-04-01 00:00:00', 1);
INSERT INTO `base_resource` VALUES ('9', NULL, '1', '1', 'BaseResource', '资源', NULL, NULL, NULL, NULL, '2025-04-01 00:00:00', NULL, '2025-04-01 00:00:00', '2025-04-01 00:00:00', 1);
INSERT INTO `base_resource` VALUES ('10', NULL, '1', '1', 'BaseOperation', '操作', NULL, NULL, NULL, NULL, '2025-04-01 00:00:00', NULL, '2025-04-01 00:00:00', '2025-04-01 00:00:00', 1);
INSERT INTO `base_resource` VALUES ('11', NULL, '1', '2', 'ScheduleType', '排班类型', NULL, NULL, NULL, NULL, '2025-04-01 00:00:00', NULL, '2025-04-01 00:00:00', '2025-04-01 00:00:00', 1);
INSERT INTO `base_resource` VALUES ('12', NULL, '1', '2', 'Schedule', '排班', NULL, NULL, NULL, NULL, '2025-04-01 00:00:00', NULL, '2025-04-01 00:00:00', '2025-04-01 00:00:00', 1);
INSERT INTO `base_resource` VALUES ('13', NULL, '1', '2', 'ShiftSchedule', '换班', NULL, NULL, NULL, NULL, '2025-04-01 00:00:00', NULL, '2025-04-01 00:00:00', '2025-04-01 00:00:00', 1);
INSERT INTO `base_resource` VALUES ('14', NULL, '1', '2', 'RepairSchedule', '补卡', NULL, NULL, NULL, NULL, '2025-04-01 00:00:00', NULL, '2025-04-01 00:00:00', '2025-04-01 00:00:00', 1);
INSERT INTO `base_resource` VALUES ('15', NULL, '1', '2', 'UserLeave', '请假', NULL, NULL, NULL, NULL, '2025-04-01 00:00:00', NULL, '2025-04-01 00:00:00', '2025-04-01 00:00:00', 1);
INSERT INTO `base_resource` VALUES ('16', NULL, '1', '2', 'UserRest', '调休', NULL, NULL, NULL, '2025-04-01 00:00:00', NULL, '2025-04-01 00:00:00', '2025-04-01 00:00:00', 1);

-- ----------------------------
-- Records of base_operation
-- ----------------------------
INSERT INTO `vitecent_auth`.`base_operation`(`id`, `companyId`, `systemId`, `resourceId`, `code`, `name`, `abbreviation`, `description`, `color`, `creator`, `createTime`, `updater`, `updateTime`, `dataVersion`, `status`) VALUES (1, '1', '1', '1', 'Add', '新增', NULL, NULL, NULL, NULL, '2025-04-01 00:00:00', NULL, '2025-04-01 00:00:00', '2025-04-01 00:00:00', 1);
INSERT INTO `vitecent_auth`.`base_operation`(`id`, `companyId`, `systemId`, `resourceId`, `code`, `name`, `abbreviation`, `description`, `color`, `creator`, `createTime`, `updater`, `updateTime`, `dataVersion`, `status`) VALUES (2, '1', '1', '10', 'Add', '新增', NULL, NULL, NULL, NULL, '2025-04-01 00:00:00', NULL, '2025-04-01 00:00:00', '2025-04-01 00:00:00', 1);
INSERT INTO `vitecent_auth`.`base_operation`(`id`, `companyId`, `systemId`, `resourceId`, `code`, `name`, `abbreviation`, `description`, `color`, `creator`, `createTime`, `updater`, `updateTime`, `dataVersion`, `status`) VALUES (3, '1', '2', '11', 'Add', '新增', NULL, NULL, NULL, NULL, '2025-04-01 00:00:00', NULL, '2025-04-01 00:00:00', '2025-04-01 00:00:00', 1);
INSERT INTO `vitecent_auth`.`base_operation`(`id`, `companyId`, `systemId`, `resourceId`, `code`, `name`, `abbreviation`, `description`, `color`, `creator`, `createTime`, `updater`, `updateTime`, `dataVersion`, `status`) VALUES (4, '1', '2', '12', 'Add', '新增', NULL, NULL, NULL, NULL, '2025-04-01 00:00:00', NULL, '2025-04-01 00:00:00', '2025-04-01 00:00:00', 1);
INSERT INTO `vitecent_auth`.`base_operation`(`id`, `companyId`, `systemId`, `resourceId`, `code`, `name`, `abbreviation`, `description`, `color`, `creator`, `createTime`, `updater`, `updateTime`, `dataVersion`, `status`) VALUES (5, '1', '2', '13', 'Add', '新增', NULL, NULL, NULL, NULL, '2025-04-01 00:00:00', NULL, '2025-04-01 00:00:00', '2025-04-01 00:00:00', 1);
INSERT INTO `vitecent_auth`.`base_operation`(`id`, `companyId`, `systemId`, `resourceId`, `code`, `name`, `abbreviation`, `description`, `color`, `creator`, `createTime`, `updater`, `updateTime`, `dataVersion`, `status`) VALUES (6, '1', '2', '14', 'Add', '新增', NULL, NULL, NULL, NULL, '2025-04-01 00:00:00', NULL, '2025-04-01 00:00:00', '2025-04-01 00:00:00', 1);
INSERT INTO `vitecent_auth`.`base_operation`(`id`, `companyId`, `systemId`, `resourceId`, `code`, `name`, `abbreviation`, `description`, `color`, `creator`, `createTime`, `updater`, `updateTime`, `dataVersion`, `status`) VALUES (7, '1', '2', '15', 'Add', '新增', NULL, NULL, NULL, NULL, '2025-04-01 00:00:00', NULL, '2025-04-01 00:00:00', '2025-04-01 00:00:00', 1);
INSERT INTO `vitecent_auth`.`base_operation`(`id`, `companyId`, `systemId`, `resourceId`, `code`, `name`, `abbreviation`, `description`, `color`, `creator`, `createTime`, `updater`, `updateTime`, `dataVersion`, `status`) VALUES (8, '1', '1', '2', 'Add', '新增', NULL, NULL, NULL, NULL, '2025-04-01 00:00:00', NULL, '2025-04-01 00:00:00', '2025-04-01 00:00:00', 1);
INSERT INTO `vitecent_auth`.`base_operation`(`id`, `companyId`, `systemId`, `resourceId`, `code`, `name`, `abbreviation`, `description`, `color`, `creator`, `createTime`, `updater`, `updateTime`, `dataVersion`, `status`) VALUES (9, '1', '1', '3', 'Add', '新增', NULL, NULL, NULL, NULL, '2025-04-01 00:00:00', NULL, '2025-04-01 00:00:00', '2025-04-01 00:00:00', 1);
INSERT INTO `vitecent_auth`.`base_operation`(`id`, `companyId`, `systemId`, `resourceId`, `code`, `name`, `abbreviation`, `description`, `color`, `creator`, `createTime`, `updater`, `updateTime`, `dataVersion`, `status`) VALUES (10, '1', '1', '4', 'Add', '新增', NULL, NULL, NULL, NULL, '2025-04-01 00:00:00', NULL, '2025-04-01 00:00:00', '2025-04-01 00:00:00', 1);
INSERT INTO `vitecent_auth`.`base_operation`(`id`, `companyId`, `systemId`, `resourceId`, `code`, `name`, `abbreviation`, `description`, `color`, `creator`, `createTime`, `updater`, `updateTime`, `dataVersion`, `status`) VALUES (11, '1', '1', '5', 'Add', '新增', NULL, NULL, NULL, NULL, '2025-04-01 00:00:00', NULL, '2025-04-01 00:00:00', '2025-04-01 00:00:00', 1);
INSERT INTO `vitecent_auth`.`base_operation`(`id`, `companyId`, `systemId`, `resourceId`, `code`, `name`, `abbreviation`, `description`, `color`, `creator`, `createTime`, `updater`, `updateTime`, `dataVersion`, `status`) VALUES (12, '1', '1', '6', 'Add', '新增', NULL, NULL, NULL, NULL, '2025-04-01 00:00:00', NULL, '2025-04-01 00:00:00', '2025-04-01 00:00:00', 1);
INSERT INTO `vitecent_auth`.`base_operation`(`id`, `companyId`, `systemId`, `resourceId`, `code`, `name`, `abbreviation`, `description`, `color`, `creator`, `createTime`, `updater`, `updateTime`, `dataVersion`, `status`) VALUES (13, '1', '1', '7', 'Add', '新增', NULL, NULL, NULL, NULL, '2025-04-01 00:00:00', NULL, '2025-04-01 00:00:00', '2025-04-01 00:00:00', 1);
INSERT INTO `vitecent_auth`.`base_operation`(`id`, `companyId`, `systemId`, `resourceId`, `code`, `name`, `abbreviation`, `description`, `color`, `creator`, `createTime`, `updater`, `updateTime`, `dataVersion`, `status`) VALUES (14, '1', '1', '8', 'Add', '新增', NULL, NULL, NULL, NULL, '2025-04-01 00:00:00', NULL, '2025-04-01 00:00:00', '2025-04-01 00:00:00', 1);
INSERT INTO `vitecent_auth`.`base_operation`(`id`, `companyId`, `systemId`, `resourceId`, `code`, `name`, `abbreviation`, `description`, `color`, `creator`, `createTime`, `updater`, `updateTime`, `dataVersion`, `status`) VALUES (15, '1', '1', '9', 'Add', '新增', NULL, NULL, NULL, NULL, '2025-04-01 00:00:00', NULL, '2025-04-01 00:00:00', '2025-04-01 00:00:00', 1);
INSERT INTO `vitecent_auth`.`base_operation`(`id`, `companyId`, `systemId`, `resourceId`, `code`, `name`, `abbreviation`, `description`, `color`, `creator`, `createTime`, `updater`, `updateTime`, `dataVersion`, `status`) VALUES (16, '1', '1', '1', 'Edit', '修改', NULL, NULL, NULL, NULL, '2025-04-01 00:00:00', NULL, '2025-04-01 00:00:00', '2025-04-01 00:00:00', 1);
INSERT INTO `vitecent_auth`.`base_operation`(`id`, `companyId`, `systemId`, `resourceId`, `code`, `name`, `abbreviation`, `description`, `color`, `creator`, `createTime`, `updater`, `updateTime`, `dataVersion`, `status`) VALUES (17, '1', '1', '10', 'Edit', '修改', NULL, NULL, NULL, NULL, '2025-04-01 00:00:00', NULL, '2025-04-01 00:00:00', '2025-04-01 00:00:00', 1);
INSERT INTO `vitecent_auth`.`base_operation`(`id`, `companyId`, `systemId`, `resourceId`, `code`, `name`, `abbreviation`, `description`, `color`, `creator`, `createTime`, `updater`, `updateTime`, `dataVersion`, `status`) VALUES (18, '1', '2', '11', 'Edit', '修改', NULL, NULL, NULL, NULL, '2025-04-01 00:00:00', NULL, '2025-04-01 00:00:00', '2025-04-01 00:00:00', 1);
INSERT INTO `vitecent_auth`.`base_operation`(`id`, `companyId`, `systemId`, `resourceId`, `code`, `name`, `abbreviation`, `description`, `color`, `creator`, `createTime`, `updater`, `updateTime`, `dataVersion`, `status`) VALUES (19, '1', '2', '12', 'Edit', '修改', NULL, NULL, NULL, NULL, '2025-04-01 00:00:00', NULL, '2025-04-01 00:00:00', '2025-04-01 00:00:00', 1);
INSERT INTO `vitecent_auth`.`base_operation`(`id`, `companyId`, `systemId`, `resourceId`, `code`, `name`, `abbreviation`, `description`, `color`, `creator`, `createTime`, `updater`, `updateTime`, `dataVersion`, `status`) VALUES (20, '1', '2', '13', 'Edit', '修改', NULL, NULL, NULL, NULL, '2025-04-01 00:00:00', NULL, '2025-04-01 00:00:00', '2025-04-01 00:00:00', 1);
INSERT INTO `vitecent_auth`.`base_operation`(`id`, `companyId`, `systemId`, `resourceId`, `code`, `name`, `abbreviation`, `description`, `color`, `creator`, `createTime`, `updater`, `updateTime`, `dataVersion`, `status`) VALUES (21, '1', '2', '14', 'Edit', '修改', NULL, NULL, NULL, NULL, '2025-04-01 00:00:00', NULL, '2025-04-01 00:00:00', '2025-04-01 00:00:00', 1);
INSERT INTO `vitecent_auth`.`base_operation`(`id`, `companyId`, `systemId`, `resourceId`, `code`, `name`, `abbreviation`, `description`, `color`, `creator`, `createTime`, `updater`, `updateTime`, `dataVersion`, `status`) VALUES (22, '1', '2', '15', 'Edit', '修改', NULL, NULL, NULL, NULL, '2025-04-01 00:00:00', NULL, '2025-04-01 00:00:00', '2025-04-01 00:00:00', 1);
INSERT INTO `vitecent_auth`.`base_operation`(`id`, `companyId`, `systemId`, `resourceId`, `code`, `name`, `abbreviation`, `description`, `color`, `creator`, `createTime`, `updater`, `updateTime`, `dataVersion`, `status`) VALUES (23, '1', '1', '2', 'Edit', '修改', NULL, NULL, NULL, NULL, '2025-04-01 00:00:00', NULL, '2025-04-01 00:00:00', '2025-04-01 00:00:00', 1);
INSERT INTO `vitecent_auth`.`base_operation`(`id`, `companyId`, `systemId`, `resourceId`, `code`, `name`, `abbreviation`, `description`, `color`, `creator`, `createTime`, `updater`, `updateTime`, `dataVersion`, `status`) VALUES (24, '1', '1', '3', 'Edit', '修改', NULL, NULL, NULL, NULL, '2025-04-01 00:00:00', NULL, '2025-04-01 00:00:00', '2025-04-01 00:00:00', 1);
INSERT INTO `vitecent_auth`.`base_operation`(`id`, `companyId`, `systemId`, `resourceId`, `code`, `name`, `abbreviation`, `description`, `color`, `creator`, `createTime`, `updater`, `updateTime`, `dataVersion`, `status`) VALUES (25, '1', '1', '4', 'Edit', '修改', NULL, NULL, NULL, NULL, '2025-04-01 00:00:00', NULL, '2025-04-01 00:00:00', '2025-04-01 00:00:00', 1);
INSERT INTO `vitecent_auth`.`base_operation`(`id`, `companyId`, `systemId`, `resourceId`, `code`, `name`, `abbreviation`, `description`, `color`, `creator`, `createTime`, `updater`, `updateTime`, `dataVersion`, `status`) VALUES (26, '1', '1', '5', 'Edit', '修改', NULL, NULL, NULL, NULL, '2025-04-01 00:00:00', NULL, '2025-04-01 00:00:00', '2025-04-01 00:00:00', 1);
INSERT INTO `vitecent_auth`.`base_operation`(`id`, `companyId`, `systemId`, `resourceId`, `code`, `name`, `abbreviation`, `description`, `color`, `creator`, `createTime`, `updater`, `updateTime`, `dataVersion`, `status`) VALUES (27, '1', '1', '6', 'Edit', '修改', NULL, NULL, NULL, NULL, '2025-04-01 00:00:00', NULL, '2025-04-01 00:00:00', '2025-04-01 00:00:00', 1);
INSERT INTO `vitecent_auth`.`base_operation`(`id`, `companyId`, `systemId`, `resourceId`, `code`, `name`, `abbreviation`, `description`, `color`, `creator`, `createTime`, `updater`, `updateTime`, `dataVersion`, `status`) VALUES (28, '1', '1', '7', 'Edit', '修改', NULL, NULL, NULL, NULL, '2025-04-01 00:00:00', NULL, '2025-04-01 00:00:00', '2025-04-01 00:00:00', 1);
INSERT INTO `vitecent_auth`.`base_operation`(`id`, `companyId`, `systemId`, `resourceId`, `code`, `name`, `abbreviation`, `description`, `color`, `creator`, `createTime`, `updater`, `updateTime`, `dataVersion`, `status`) VALUES (29, '1', '1', '8', 'Edit', '修改', NULL, NULL, NULL, NULL, '2025-04-01 00:00:00', NULL, '2025-04-01 00:00:00', '2025-04-01 00:00:00', 1);
INSERT INTO `vitecent_auth`.`base_operation`(`id`, `companyId`, `systemId`, `resourceId`, `code`, `name`, `abbreviation`, `description`, `color`, `creator`, `createTime`, `updater`, `updateTime`, `dataVersion`, `status`) VALUES (30, '1', '1', '9', 'Edit', '修改', NULL, NULL, NULL, NULL, '2025-04-01 00:00:00', NULL, '2025-04-01 00:00:00', '2025-04-01 00:00:00', 1);
INSERT INTO `vitecent_auth`.`base_operation`(`id`, `companyId`, `systemId`, `resourceId`, `code`, `name`, `abbreviation`, `description`, `color`, `creator`, `createTime`, `updater`, `updateTime`, `dataVersion`, `status`) VALUES (31, '1', '1', '1', 'Get', '查询', NULL, NULL, NULL, NULL, '2025-04-01 00:00:00', NULL, '2025-04-01 00:00:00', '2025-04-01 00:00:00', 1);
INSERT INTO `vitecent_auth`.`base_operation`(`id`, `companyId`, `systemId`, `resourceId`, `code`, `name`, `abbreviation`, `description`, `color`, `creator`, `createTime`, `updater`, `updateTime`, `dataVersion`, `status`) VALUES (32, '1', '1', '10', 'Get', '查询', NULL, NULL, NULL, NULL, '2025-04-01 00:00:00', NULL, '2025-04-01 00:00:00', '2025-04-01 00:00:00', 1);
INSERT INTO `vitecent_auth`.`base_operation`(`id`, `companyId`, `systemId`, `resourceId`, `code`, `name`, `abbreviation`, `description`, `color`, `creator`, `createTime`, `updater`, `updateTime`, `dataVersion`, `status`) VALUES (33, '1', '2', '11', 'Get', '查询', NULL, NULL, NULL, NULL, '2025-04-01 00:00:00', NULL, '2025-04-01 00:00:00', '2025-04-01 00:00:00', 1);
INSERT INTO `vitecent_auth`.`base_operation`(`id`, `companyId`, `systemId`, `resourceId`, `code`, `name`, `abbreviation`, `description`, `color`, `creator`, `createTime`, `updater`, `updateTime`, `dataVersion`, `status`) VALUES (34, '1', '2', '12', 'Get', '查询', NULL, NULL, NULL, NULL, '2025-04-01 00:00:00', NULL, '2025-04-01 00:00:00', '2025-04-01 00:00:00', 1);
INSERT INTO `vitecent_auth`.`base_operation`(`id`, `companyId`, `systemId`, `resourceId`, `code`, `name`, `abbreviation`, `description`, `color`, `creator`, `createTime`, `updater`, `updateTime`, `dataVersion`, `status`) VALUES (35, '1', '2', '13', 'Get', '查询', NULL, NULL, NULL, NULL, '2025-04-01 00:00:00', NULL, '2025-04-01 00:00:00', '2025-04-01 00:00:00', 1);
INSERT INTO `vitecent_auth`.`base_operation`(`id`, `companyId`, `systemId`, `resourceId`, `code`, `name`, `abbreviation`, `description`, `color`, `creator`, `createTime`, `updater`, `updateTime`, `dataVersion`, `status`) VALUES (36, '1', '2', '14', 'Get', '查询', NULL, NULL, NULL, NULL, '2025-04-01 00:00:00', NULL, '2025-04-01 00:00:00', '2025-04-01 00:00:00', 1);
INSERT INTO `vitecent_auth`.`base_operation`(`id`, `companyId`, `systemId`, `resourceId`, `code`, `name`, `abbreviation`, `description`, `color`, `creator`, `createTime`, `updater`, `updateTime`, `dataVersion`, `status`) VALUES (37, '1', '2', '15', 'Get', '查询', NULL, NULL, NULL, NULL, '2025-04-01 00:00:00', NULL, '2025-04-01 00:00:00', '2025-04-01 00:00:00', 1);
INSERT INTO `vitecent_auth`.`base_operation`(`id`, `companyId`, `systemId`, `resourceId`, `code`, `name`, `abbreviation`, `description`, `color`, `creator`, `createTime`, `updater`, `updateTime`, `dataVersion`, `status`) VALUES (38, '1', '1', '2', 'Get', '查询', NULL, NULL, NULL, NULL, '2025-04-01 00:00:00', NULL, '2025-04-01 00:00:00', '2025-04-01 00:00:00', 1);
INSERT INTO `vitecent_auth`.`base_operation`(`id`, `companyId`, `systemId`, `resourceId`, `code`, `name`, `abbreviation`, `description`, `color`, `creator`, `createTime`, `updater`, `updateTime`, `dataVersion`, `status`) VALUES (39, '1', '1', '3', 'Get', '查询', NULL, NULL, NULL, NULL, '2025-04-01 00:00:00', NULL, '2025-04-01 00:00:00', '2025-04-01 00:00:00', 1);
INSERT INTO `vitecent_auth`.`base_operation`(`id`, `companyId`, `systemId`, `resourceId`, `code`, `name`, `abbreviation`, `description`, `color`, `creator`, `createTime`, `updater`, `updateTime`, `dataVersion`, `status`) VALUES (40, '1', '1', '4', 'Get', '查询', NULL, NULL, NULL, NULL, '2025-04-01 00:00:00', NULL, '2025-04-01 00:00:00', '2025-04-01 00:00:00', 1);
INSERT INTO `vitecent_auth`.`base_operation`(`id`, `companyId`, `systemId`, `resourceId`, `code`, `name`, `abbreviation`, `description`, `color`, `creator`, `createTime`, `updater`, `updateTime`, `dataVersion`, `status`) VALUES (41, '1', '1', '5', 'Get', '查询', NULL, NULL, NULL, NULL, '2025-04-01 00:00:00', NULL, '2025-04-01 00:00:00', '2025-04-01 00:00:00', 1);
INSERT INTO `vitecent_auth`.`base_operation`(`id`, `companyId`, `systemId`, `resourceId`, `code`, `name`, `abbreviation`, `description`, `color`, `creator`, `createTime`, `updater`, `updateTime`, `dataVersion`, `status`) VALUES (42, '1', '1', '6', 'Get', '查询', NULL, NULL, NULL, NULL, '2025-04-01 00:00:00', NULL, '2025-04-01 00:00:00', '2025-04-01 00:00:00', 1);
INSERT INTO `vitecent_auth`.`base_operation`(`id`, `companyId`, `systemId`, `resourceId`, `code`, `name`, `abbreviation`, `description`, `color`, `creator`, `createTime`, `updater`, `updateTime`, `dataVersion`, `status`) VALUES (43, '1', '1', '7', 'Get', '查询', NULL, NULL, NULL, NULL, '2025-04-01 00:00:00', NULL, '2025-04-01 00:00:00', '2025-04-01 00:00:00', 1);
INSERT INTO `vitecent_auth`.`base_operation`(`id`, `companyId`, `systemId`, `resourceId`, `code`, `name`, `abbreviation`, `description`, `color`, `creator`, `createTime`, `updater`, `updateTime`, `dataVersion`, `status`) VALUES (44, '1', '1', '8', 'Get', '查询', NULL, NULL, NULL, NULL, '2025-04-01 00:00:00', NULL, '2025-04-01 00:00:00', '2025-04-01 00:00:00', 1);
INSERT INTO `vitecent_auth`.`base_operation`(`id`, `companyId`, `systemId`, `resourceId`, `code`, `name`, `abbreviation`, `description`, `color`, `creator`, `createTime`, `updater`, `updateTime`, `dataVersion`, `status`) VALUES (45, '1', '1', '9', 'Get', '查询', NULL, NULL, NULL, NULL, '2025-04-01 00:00:00', NULL, '2025-04-01 00:00:00', '2025-04-01 00:00:00', 1);
INSERT INTO `vitecent_auth`.`base_operation`(`id`, `companyId`, `systemId`, `resourceId`, `code`, `name`, `abbreviation`, `description`, `color`, `creator`, `createTime`, `updater`, `updateTime`, `dataVersion`, `status`) VALUES (46, '1', '1', '10', 'Delete', '删除', NULL, NULL, NULL, NULL, '2025-04-01 00:00:00', NULL, '2025-04-01 00:00:00', '2025-04-01 00:00:00', 1);
INSERT INTO `vitecent_auth`.`base_operation`(`id`, `companyId`, `systemId`, `resourceId`, `code`, `name`, `abbreviation`, `description`, `color`, `creator`, `createTime`, `updater`, `updateTime`, `dataVersion`, `status`) VALUES (47, '1', '2', '11', 'Delete', '删除', NULL, NULL, NULL, NULL, '2025-04-01 00:00:00', NULL, '2025-04-01 00:00:00', '2025-04-01 00:00:00', 1);
INSERT INTO `vitecent_auth`.`base_operation`(`id`, `companyId`, `systemId`, `resourceId`, `code`, `name`, `abbreviation`, `description`, `color`, `creator`, `createTime`, `updater`, `updateTime`, `dataVersion`, `status`) VALUES (48, '1', '2', '12', 'Delete', '删除', NULL, NULL, NULL, NULL, '2025-04-01 00:00:00', NULL, '2025-04-01 00:00:00', '2025-04-01 00:00:00', 1);
INSERT INTO `vitecent_auth`.`base_operation`(`id`, `companyId`, `systemId`, `resourceId`, `code`, `name`, `abbreviation`, `description`, `color`, `creator`, `createTime`, `updater`, `updateTime`, `dataVersion`, `status`) VALUES (49, '1', '2', '13', 'Delete', '删除', NULL, NULL, NULL, NULL, '2025-04-01 00:00:00', NULL, '2025-04-01 00:00:00', '2025-04-01 00:00:00', 1);
INSERT INTO `vitecent_auth`.`base_operation`(`id`, `companyId`, `systemId`, `resourceId`, `code`, `name`, `abbreviation`, `description`, `color`, `creator`, `createTime`, `updater`, `updateTime`, `dataVersion`, `status`) VALUES (50, '1', '2', '14', 'Delete', '删除', NULL, NULL, NULL, NULL, '2025-04-01 00:00:00', NULL, '2025-04-01 00:00:00', '2025-04-01 00:00:00', 1);
INSERT INTO `vitecent_auth`.`base_operation`(`id`, `companyId`, `systemId`, `resourceId`, `code`, `name`, `abbreviation`, `description`, `color`, `creator`, `createTime`, `updater`, `updateTime`, `dataVersion`, `status`) VALUES (51, '1', '2', '15', 'Delete', '删除', NULL, NULL, NULL, NULL, '2025-04-01 00:00:00', NULL, '2025-04-01 00:00:00', '2025-04-01 00:00:00', 1);
INSERT INTO `vitecent_auth`.`base_operation`(`id`, `companyId`, `systemId`, `resourceId`, `code`, `name`, `abbreviation`, `description`, `color`, `creator`, `createTime`, `updater`, `updateTime`, `dataVersion`, `status`) VALUES (52, '1', '1', '2', 'Delete', '删除', NULL, NULL, NULL, NULL, '2025-04-01 00:00:00', NULL, '2025-04-01 00:00:00', '2025-04-01 00:00:00', 1);
INSERT INTO `vitecent_auth`.`base_operation`(`id`, `companyId`, `systemId`, `resourceId`, `code`, `name`, `abbreviation`, `description`, `color`, `creator`, `createTime`, `updater`, `updateTime`, `dataVersion`, `status`) VALUES (53, '1', '1', '3', 'Delete', '删除', NULL, NULL, NULL, NULL, '2025-04-01 00:00:00', NULL, '2025-04-01 00:00:00', '2025-04-01 00:00:00', 1);
INSERT INTO `vitecent_auth`.`base_operation`(`id`, `companyId`, `systemId`, `resourceId`, `code`, `name`, `abbreviation`, `description`, `color`, `creator`, `createTime`, `updater`, `updateTime`, `dataVersion`, `status`) VALUES (54, '1', '1', '4', 'Delete', '删除', NULL, NULL, NULL, NULL, '2025-04-01 00:00:00', NULL, '2025-04-01 00:00:00', '2025-04-01 00:00:00', 1);
INSERT INTO `vitecent_auth`.`base_operation`(`id`, `companyId`, `systemId`, `resourceId`, `code`, `name`, `abbreviation`, `description`, `color`, `creator`, `createTime`, `updater`, `updateTime`, `dataVersion`, `status`) VALUES (55, '1', '1', '5', 'Delete', '删除', NULL, NULL, NULL, NULL, '2025-04-01 00:00:00', NULL, '2025-04-01 00:00:00', '2025-04-01 00:00:00', 1);
INSERT INTO `vitecent_auth`.`base_operation`(`id`, `companyId`, `systemId`, `resourceId`, `code`, `name`, `abbreviation`, `description`, `color`, `creator`, `createTime`, `updater`, `updateTime`, `dataVersion`, `status`) VALUES (57, '1', '1', '6', 'Delete', '删除', NULL, NULL, NULL, NULL, '2025-04-01 00:00:00', NULL, '2025-04-01 00:00:00', '2025-04-01 00:00:00', 1);
INSERT INTO `vitecent_auth`.`base_operation`(`id`, `companyId`, `systemId`, `resourceId`, `code`, `name`, `abbreviation`, `description`, `color`, `creator`, `createTime`, `updater`, `updateTime`, `dataVersion`, `status`) VALUES (58, '1', '1', '7', 'Delete', '删除', NULL, NULL, NULL, NULL, '2025-04-01 00:00:00', NULL, '2025-04-01 00:00:00', '2025-04-01 00:00:00', 1);
INSERT INTO `vitecent_auth`.`base_operation`(`id`, `companyId`, `systemId`, `resourceId`, `code`, `name`, `abbreviation`, `description`, `color`, `creator`, `createTime`, `updater`, `updateTime`, `dataVersion`, `status`) VALUES (59, '1', '1', '8', 'Delete', '删除', NULL, NULL, NULL, NULL, '2025-04-01 00:00:00', NULL, '2025-04-01 00:00:00', '2025-04-01 00:00:00', 1);
INSERT INTO `vitecent_auth`.`base_operation`(`id`, `companyId`, `systemId`, `resourceId`, `code`, `name`, `abbreviation`, `description`, `color`, `creator`, `createTime`, `updater`, `updateTime`, `dataVersion`, `status`) VALUES (60, '1', '1', '9', 'Delete', '删除', NULL, NULL, NULL, NULL, '2025-04-01 00:00:00', NULL, '2025-04-01 00:00:00', '2025-04-01 00:00:00', 1);

-- ----------------------------
-- Records of base_role_permission
-- ----------------------------
INSERT INTO `vitecent_auth`.`base_role_permission`(`id`, `companyId`, `roleId`, `systemId`, `resourceId`, `operationId`, `creator`, `createTime`, `updater`, `updateTime`, `dataVersion`, `status`) 
select `id`, `companyId`, 1 as`roleId`, `systemId`, `resourceId`, `id` as `operationId`, `creator`, `createTime`, `updater`, `updateTime`, `dataVersion`, `status`
from base_operation
order by systemId,resourceId,id